Hero,Bad against,Good against,Works well with,A,STR,STR+,STR 30,AGI,AGI+,AGI30,INT,INT+,INT30,T,T+,T30,MS,AR,DMG (MIN),DMG (MAX),RG,AS,BAT,ATK PT,ATK BS,VS-D,VS-N,TR,COL,HP/S,L
Abaddon,"['Ancient Apparition', 'Axe', 'Brewmaster', 'Doom', 'Lina', 'Lion', 'Mars', 'Outworld Devourer', 'Silencer', 'Shadow Demon']","['Death Prophet', 'Mirana', 'Bane', 'Batrider', 'Beastmaster', 'Chen', 'Techies', 'Bloodseeker', 'Necrophos', 'Nyx Assassin']","['Storm Spirit', 'Phantom Assassin', 'Io', 'Axe', 'Legion Commander', 'Centaur Warrunner', 'Oracle']",Strength attribute symbol.png,23,3.0,110.0,23,1.5,66.5,18,2.0,76.0,64,6.5,252.5,325,2.68,51,61,150,120,1.7,0.56,0.41,1800,800,0.5,24,2.3,2
Alchemist,"['Ancient Apparition', 'Enchantress', 'Invoker', 'Kunkka', 'Lifestealer', 'Necrophos', 'Slardar', 'Slark', 'Ursa', 'Ember Spirit', 'Razor']","['Broodmother', ""Nature's Prophet"", 'Phoenix', 'Undying', 'Huskar']",['Oracle'],Strength attribute symbol.png,25,2.7,103.3,22,1.5,65.5,25,1.8,77.2,72,6.0,246.0,305,2.52,49,58,150,100,1.7,0.35,0.65,1800,800,0.6,24,2.5,2
Axe,"['Bad against...', 'Doom', 'Jakiro', 'Lifestealer', 'Necrophos', 'Outworld Devourer', 'Phoenix', 'Pugna', 'Shadow Demon', 'Spectre', 'Timbersaw', 'Ursa', 'Undying', 'Venomancer', 'Viper', 'Good against...', 'Anti-Mage', 'Broodmother', 'Chaos Knight', 'Dazzle', 'Huskar', ""Nature's Prophet"", 'Phantom Assassin', 'Phantom Lancer', 'Slark', 'Terrorblade', 'Troll Warlord', 'Weaver', 'Works well with...', 'Dark Seer', 'Dazzle', 'Enigma', 'Disruptor', 'Magnus', 'Phoenix', 'Sand King', 'Skywrath Mage', 'Tiny', 'Venomancer', 'Witch Doctor']",[],[],Strength attribute symbol.png,25,3.6,129.4,20,2.2,83.8,18,1.6,64.4,63,7.4,277.6,310,2.2,52,56,150,100,1.7,0.5,0.5,1800,800,0.6,24,5.25,2
Beastmaster,"['Abaddon', 'Enchantress', 'Earthshaker', 'Keeper of the Light', 'Oracle', 'Timbersaw', 'Winter Wyvern']","['Monkey King', 'Phoenix', 'Sven', 'Templar Assassin', 'Tinker', 'Tiny', 'Troll Warlord', 'Ursa', 'Wraith King']","['Lifestealer', ""Nature's Prophet"", 'Phantom Assassin', 'Spirit Breaker', 'Sven', 'Tinker', 'Tiny', 'Underlord', 'Ursa']",Strength attribute symbol.png,23,2.9,107.1,18,1.6,64.4,16,1.9,71.1,57,6.4,242.6,305,1.88,64,68,150,110,1.7,0.3,0.7,1800,800,0.5,24,2.3,2
Brewmaster,"['Bane', 'Death Prophet', 'Lion', 'Outworld Devourer', 'Shadow Shaman', 'Skywrath Mage']","['Huskar', 'Lone Druid', 'Lycan', 'Templar Assassin', 'Ursa']","['Dazzle', 'Oracle', 'Tiny', 'Invoker']",Strength attribute symbol.png,23,3.7,130.3,22,2.0,80.0,15,1.6,61.4,60,7.3,271.7,305,2.52,52,59,150,100,1.7,0.35,0.65,1800,800,0.6,24,2.8,2
Bristleback,"['Anti-Mage', 'Doom', 'Faceless Void', 'Grimstroke', 'Legion Commander', 'Lich', 'Lion', 'Necrophos', 'Outworld Devourer', 'Razor', 'Silencer', 'Slardar', 'Timbersaw', 'Viper', 'Weaver']","['Arc Warden', 'Broodmother', 'Chaos Knight', 'Huskar', 'Jakiro', 'Luna', 'Lycan', 'Meepo', 'Phantom Lancer', 'Pudge', 'Riki', 'Rubick', 'Sand King']","['Crystal Maiden', 'Dazzle', 'Drow Ranger', 'Keeper of the Light', 'Skywrath Mage', 'Venomancer']",Strength attribute symbol.png,22,2.9,106.1,17,1.8,69.2,14,2.8,95.2,53,7.5,270.5,290,3.72,47,57,150,100,1.8,0.3,0.3,1800,800,1.0,24,2.2,2
Centaur Warrunner,"['Disruptor', 'Lifestealer', 'Necrophos', 'Nyx Assassin', 'Templar Assassin']","['Arc Warden', 'Doom', 'Nyx Assassin', 'Phantom Assassin', 'Phantom Lancer', 'Sniper', 'Windranger']","['Abaddon', 'Mirana', 'Sven', 'Tusk', 'Tiny', 'Vengeful Spirit', 'Grimstroke']",Strength attribute symbol.png,27,4.6,160.4,15,1.0,44.0,15,1.6,61.4,57,7.2,265.8,300,2.4,63,65,150,100,1.7,0.3,0.3,1800,800,0.5,24,2.7,4
Chaos Knight,"['Abaddon', 'Tinker', 'Axe', 'Lion', 'Brewmaster', 'Dragon Knight', 'Earthshaker', 'Enigma', 'Jakiro', 'Lich', 'Magnus', 'Monkey King', 'Phantom Lancer', 'Omniknight', 'Pugna', 'Sand King', 'Sven', 'Tidehunter', 'Timbersaw', 'Winter Wyvern', 'Witch Doctor', 'Puck']","['Bane', 'Bounty Hunter', 'Disruptor', 'Lone Druid', 'Pudge', 'Rubick', 'Silencer', 'Slark', 'Techies', 'Ursa', 'Viper']","['Crystal Maiden', 'Keeper of the Light', 'Morphling', 'Shadow Demon']",Strength attribute symbol.png,22,3.4,120.6,14,1.4,54.6,18,1.2,52.8,54,6.0,228.0,320,3.24,51,81,150,100,1.7,0.5,0.5,1800,800,0.5,24,2.2,2
Clockwerk,"['Anti-Mage', 'Chen', 'Clinkz', 'Dazzle', 'Disruptor', 'Ember Spirit', 'Huskar', 'Juggernaut', 'Lifestealer', 'Morphling', 'Omniknight', 'Phantom Lancer', 'Phoenix', 'Queen of Pain', 'Terrorblade', 'Ursa', 'Visage']","['Earthshaker', 'Drow Ranger', 'Legion Commander', 'Monkey King', 'Pudge', 'Pugna', 'Sniper', 'Spirit Breaker', 'Tinker', 'Windranger']","['Dark Seer', 'Invoker', 'Lifestealer', 'Mirana', 'Shadow Demon']",Strength attribute symbol.png,26,3.5,127.5,13,2.3,79.7,18,1.5,61.5,57,7.3,268.7,315,2.08,50,52,150,100,1.7,0.33,0.64,1800,800,0.6,24,2.6,2
Doom,"['Alchemist', 'Centaur Warrunner', 'Drow Ranger', 'Lifestealer', 'Lone Druid', 'Medusa', 'Necrophos', 'Phantom Lancer', 'Sniper', 'Viper', 'Wraith King']","['Axe', 'Timbersaw', 'Anti-Mage', 'Bristleback', 'Tidehunter', 'Ember Spirit', 'Invoker', 'Omniknight', 'Tinker', 'Elder Titan', 'Faceless Void', 'Arc Warden']","['Ancient Apparition', 'Crystal Maiden', 'Grimstroke', 'Sven', 'Bane']",Strength attribute symbol.png,24,3.7,131.3,11,0.9,37.1,15,2.1,75.9,50,6.7,244.3,285,0.76,54,70,175,100,2.0,0.5,0.7,1800,800,0.5,24,2.4,2
Dragon Knight,"['Ancient Apparition', 'Bristleback', 'Lich', 'Necrophos', 'Ursa', 'Outworld Devourer', 'Razor', 'Timbersaw', 'Viper']","['Bloodseeker', 'Clinkz', 'Riki', 'Spirit Breaker', 'Templar Assassin', 'Witch Doctor']","['Chen', 'Crystal Maiden', 'Enigma', 'Magnus', 'Medusa', 'Treant Protector', 'Vengeful Spirit']",Strength attribute symbol.png,19,3.6,123.4,19,2.0,77.0,18,1.7,67.3,56,7.3,267.7,310,3.04,50,56,150,100,1.7,0.5,0.5,1800,800,0.6,24,1.9,2
Earth Spirit,"['Abaddon', 'Lycan', 'Techies', 'Slark']","['Pudge', 'Tinker', 'Invoker', 'Templar Assassin', 'Enigma']","['Alchemist', 'Bloodseeker', 'Dark Seer', 'Faceless Void', 'Lifestealer', 'Techies']",Strength attribute symbol.png,21,4.4,148.6,17,2.4,86.6,20,2.1,80.9,58,8.9,316.1,290,2.72,46,56,150,100,1.7,0.35,0.65,1800,800,0.6,24,2.1,2
Earthshaker,"['Clockwerk', 'Death Prophet', 'Disruptor', 'Earth Spirit', 'Jakiro', 'Lifestealer', 'Necrophos', 'Outworld Devourer', 'Puck', 'Razor', 'Skywrath Mage', 'Sniper', 'Spectre', 'Templar Assassin', 'Venomancer', 'Viper', 'Zeus']","['Broodmother', 'Chaos Knight', 'Enigma', 'Legion Commander', 'Meepo', 'Naga Siren', ""Nature's Prophet"", 'Phantom Lancer', 'Spirit Breaker']","['Dark Seer', 'Enigma', 'Magnus', 'Naga Siren', 'Puck', 'Sand King']",Strength attribute symbol.png,22,3.7,129.3,12,1.4,52.6,16,1.8,68.2,50,6.9,250.1,310,3.92,49,59,150,100,1.7,0.467,0.863,1800,800,0.9,24,3.2,2
Elder Titan,"['Brewmaster', 'Clockwerk', 'Lich', 'Lion', 'Sven', 'Juggernaut', 'Enchantress', 'Earthshaker']","['Morphling', 'Slark', 'Terrorblade', 'Viper', 'Phantom Lancer', 'Meepo']","['Disruptor', 'Faceless Void', 'Kunkka', 'Slardar', 'Luna']",Strength attribute symbol.png,24,3.0,111.0,14,1.8,66.2,23,1.6,69.4,61,6.4,246.6,310,2.24,47,57,150,100,1.7,0.35,0.97,1800,800,0.5,24,2.4,2
Huskar,"['Abaddon', 'Alchemist', 'Ancient Apparition', 'Axe', 'Bristleback', 'Enchantress', 'Bloodseeker', 'Juggernaut', 'Lifestealer', 'Naga Siren', 'Slardar', 'Ursa', 'Windranger', 'Necrophos']","['Weaver', 'Clockwerk', 'Dragon Knight', 'Earthshaker', 'Ember Spirit', ""Nature's Prophet"", 'Phoenix']","['Ancient Apparition', 'Beastmaster', 'Dazzle', 'Omniknight', 'Oracle', 'Necrophos', 'Pugna', 'Terrorblade', 'Witch Doctor']",Strength attribute symbol.png,21,3.2,113.8,15,1.4,55.6,18,1.5,61.5,54,6.1,230.9,290,1.4,40,45,400,100,1.6,0.3,0.5,1800,800,0.5,24,2.1,2
Io,"['Ancient Apparition', 'Bloodseeker', 'Bristleback', 'Clinkz', 'Disruptor', 'Grimstroke', 'Legion Commander', 'Leshrac', 'Lich', 'Luna', 'Phantom Assassin', 'Sniper', 'Spirit Breaker', 'Treant Protector', 'Winter Wyvern']","['Drow Ranger', 'Meepo', ""Nature's Prophet"", 'Phoenix', 'Pudge', 'Underlord']","['Chaos Knight', 'Gyrocopter', 'Juggernaut', 'Legion Commander', 'Lifestealer', 'Phantom Assassin', 'Spirit Breaker', 'Sven', 'Tiny', 'Ursa']",Strength attribute symbol.png,17,3.0,104.0,14,1.6,60.4,23,1.7,72.3,54,6.3,236.7,280,3.24,39,48,500,100,1.7,0.15,0.4,1800,800,0.7,24,1.7,0
Kunkka,"['Clinkz', 'Ursa', 'Silencer', 'Mirana', 'Phoenix', 'Omniknight', 'Huskar', 'Juggernaut', 'Lifestealer', 'Sniper', 'Outworld Devourer']","['Chaos Knight', 'Broodmother', 'Lycan', 'Meepo', 'Phantom Lancer', 'Queen of Pain', 'Spectre', 'Sand King', 'Warlock']","['Dark Seer', 'Faceless Void', 'Huskar', 'Lifestealer', 'Slark', 'Warlock']",Strength attribute symbol.png,24,3.8,134.2,14,1.3,51.7,18,1.5,61.5,56,6.6,247.4,300,3.24,50,60,150,100,1.7,0.4,0.3,1800,800,0.6,24,2.4,2
Legion Commander,"['Abaddon', 'Bane', 'Dazzle', 'Dragon Knight', 'Io', 'Luna', 'Mars', 'Medusa', 'Night Stalker', 'Omniknight', 'Oracle', 'Pangolier', 'Pugna', 'Razor', 'Skywrath Mage', 'Sven', 'Treant Protector', 'Underlord', 'Ursa', 'Visage', 'Vengeful Spirit', 'Winter Wyvern']","['Anti-Mage', 'Bristleback', 'Broodmother', 'Chen', 'Clinkz', 'Drow Ranger', 'Huskar', 'Nyx Assassin', 'Sniper', 'Terrorblade', 'Weaver']","['Ancient Apparition', 'Disruptor', 'Invoker', 'Lifestealer', 'Mirana', 'Shadow Fiend', 'Silencer', 'Skywrath Mage', 'Ursa', 'Witch Doctor', 'Zeus']",Strength attribute symbol.png,26,3.3,121.7,18,1.7,67.3,20,2.2,83.8,64,7.2,272.8,330,2.88,61,65,150,100,1.7,0.46,0.64,1800,800,0.5,24,2.6,2
Lifestealer,"['Ancient Apparition', 'Bane', 'Beastmaster', 'Chaos Knight', 'Clinkz', 'Terrorblade', 'Phantom Lancer', 'Slark', 'Ursa', 'Weaver']","['Techies', 'Tinker', 'Ogre Magi']","['Clockwerk', 'Queen of Pain', 'Riki', 'Slardar', 'Spirit Breaker', 'Storm Spirit', 'Beastmaster']",Strength attribute symbol.png,25,2.4,94.6,18,2.4,87.6,15,1.8,67.2,58,6.6,249.4,325,3.88,42,52,150,130,1.7,0.39,0.44,1800,800,1.0,24,2.5,2
Lycan,"['Axe', 'Beastmaster', 'Bloodseeker', 'Bristleback', 'Earthshaker', 'Enigma', 'Enchantress', 'Kunkka', 'Medusa', 'Omniknight', 'Phantom Assassin', 'Sven', 'Tidehunter', 'Timbersaw']","['Lich', 'Techies', 'Arc Warden', 'Drow Ranger', 'Ursa']","['Beastmaster', 'Chen', ""Nature's Prophet""]",Strength attribute symbol.png,26,3.4,124.6,16,1.0,45.0,23,1.4,63.6,65,5.8,233.2,315,1.56,50,55,150,100,1.7,0.55,0.55,1800,800,0.5,8,2.6,2
Magnus,"['Alchemist', 'Bloodseeker', 'Disruptor', 'Huskar', 'Jakiro', 'Night Stalker', 'Phoenix', 'Razor', 'Rubick', 'Sniper', 'Spectre', 'Treant Protector', 'Tinker', 'Venomancer', 'Wraith King', 'Zeus']","['Chaos Knight', 'Meepo', 'Lifestealer', 'Phantom Lancer']","['Snapfire', 'Anti-Mage', 'Enigma', 'Phantom Assassin', 'Sven', 'Troll Warlord', 'Phoenix', 'Kunkka', 'Tiny']",Strength attribute symbol.png,25,3.5,126.5,15,2.5,87.5,19,1.7,68.3,59,7.7,282.3,305,3.4,57,65,150,100,1.8,0.5,0.84,1800,800,0.8,24,3.0,4
Mars,"['Riki', 'Batrider', 'Faceless Void', 'Huskar', 'Lina', 'Necrophos', 'Ogre Magi', 'Oracle', 'Outworld Devourer', 'Pugna', 'Shadow Fiend', 'Storm Spirit', 'Underlord', 'Undying', 'Ursa', 'Venomancer', 'Viper', 'Zeus']","['Bloodseeker', 'Bristleback', 'Juggernaut', ""Nature's Prophet"", 'Phantom Assassin', 'Slark', 'Spectre', 'Terrorblade', 'Weaver']","['Huskar', 'Crystal Maiden', 'Disruptor', 'Keeper of the Light', 'Kunkka', 'Lich', 'Monkey King', 'Phoenix', 'Riki', 'Sven']",Strength attribute symbol.png,23,3.4,121.6,20,1.9,75.1,17,1.4,57.6,60,6.7,254.3,310,2.2,52,60,250,100,1.8,0.4,0.0,1800,800,0.8,24,2.3,2
Night Stalker,"['Chaos Knight', 'Lycan', 'Naga Siren', 'Phantom Lancer', 'Sven', 'Troll Warlord', 'Underlord']","['Anti-Mage', 'Earth Spirit', 'Luna', 'Storm Spirit', 'Puck', 'Clinkz', 'Earthshaker', 'Keeper of the Light', 'Tinker', 'Riki', 'Slark']","['Oracle', 'Luna', 'Magnus']",Strength attribute symbol.png,23,3.0,110.0,18,2.3,84.7,15,1.6,61.4,56,6.9,256.1,300,4.88,61,65,150,100,1.7,0.55,0.55,800,1800,0.5,24,4.55,2
Omniknight,"['Brewmaster', 'Doom', 'Invoker', 'Luna', 'Naga Siren', 'Oracle', 'Outworld Devourer', 'Rubick', 'Silencer']","['Axe', 'Chaos Knight', 'Death Prophet', 'Juggernaut', 'Legion Commander', 'Winter Wyvern']","['Clockwerk', 'Crystal Maiden', 'Keeper of the Light', 'Pudge', 'Storm Spirit']",Strength attribute symbol.png,22,3.4,120.6,15,1.8,67.2,15,1.8,67.2,52,7.0,255.0,300,3.4,53,63,150,100,1.7,0.433,0.5670000000000001,1800,800,0.6,24,2.2,2
Phoenix,"['Night Stalker', 'Arc Warden', 'Huskar', 'Ursa', 'Silencer', 'Meepo', 'Bloodseeker', 'Viper', 'Necrophos']","['Templar Assassin', 'Phantom Assassin', 'Legion Commander', 'Monkey King', 'Chen', 'Earthshaker', 'Ancient Apparition', 'Shadow Demon']","['Enigma', 'Faceless Void', 'Invoker', 'Keeper of the Light', 'Lifestealer', 'Magnus', 'Pugna', 'Sven', 'Tinker', 'Treant Protector', 'Warlock']",Strength attribute symbol.png,23,3.7,130.3,12,1.3,49.7,18,1.8,70.2,53,6.8,250.2,280,0.92,51,61,525,100,1.7,0.35,0.633,1800,800,1.0,24,3.3,2
Pudge,"['Abaddon', 'Anti-Mage', 'Bristleback', 'Bounty Hunter', 'Dazzle', 'Doom', 'Legion Commander', 'Lifestealer', 'Mirana', 'Monkey King', 'Night Stalker', 'Nyx Assassin', 'Outworld Devourer', 'Slardar', 'Slark', 'Tidehunter', 'Timbersaw', 'Weaver']","['Bloodseeker', 'Crystal Maiden', 'Drow Ranger', 'Luna', 'Sniper', 'Spectre', 'Techies', 'Tinker', 'Zeus']","['Techies', 'Pugna', 'Outworld Devourer', 'Lifestealer', 'Lion', 'Tiny', 'Crystal Maiden']",Strength attribute symbol.png,25,4.0,141.0,14,1.5,57.5,16,1.5,59.5,55,7.0,258.0,280,0.24,65,71,150,100,1.7,0.5,1.17,1800,800,0.7,24,3.5,2
Sand King,"['Earth Spirit', 'Phoenix', 'Rubick', 'Silencer', 'Tidehunter', 'Zeus']","['Broodmother', 'Meepo', ""Nature's Prophet"", 'Phantom Assassin', 'Slark', 'Templar Assassin']","['Crystal Maiden', 'Keeper of the Light', 'Tidehunter', 'Tiny', 'Monkey King', 'Warlock', 'Earthshaker']",Strength attribute symbol.png,22,3.0,109.0,19,1.8,71.2,19,1.8,71.2,60,6.6,251.4,290,2.04,45,55,150,110,1.7,0.53,0.47,1800,800,0.5,24,2.2,6
Slardar,"['Oracle', 'Abaddon', 'Phantom Lancer', 'Meepo']","['Riki', 'Clinkz', 'Bounty Hunter', 'Weaver', 'Shadow Fiend', 'Alchemist', 'Legion Commander', 'Pudge']","['Bounty Hunter', 'Vengeful Spirit', 'Shadow Fiend', 'Alchemist', 'Lifestealer', 'Phantom Assassin', 'Templar Assassin']",Strength attribute symbol.png,21,3.6,125.4,17,2.4,86.6,15,1.5,58.5,53,7.5,270.5,300,5.72,51,59,150,100,1.7,0.36,0.64,1800,800,0.5,24,2.6,0
Snapfire,"['Anti-Mage', 'Silencer', 'Nyx Assassin', 'Ancient Apparition', 'Juggernaut', 'Abaddon', 'Pudge']","['Chen', 'Clockwerk', 'Phoenix', 'Omniknight', 'Faceless Void']","['Faceless Void', 'Oracle', 'Warlock', 'Mars']",Strength attribute symbol.png,20,3.3,115.7,16,1.9,71.1,18,2.2,81.8,54,7.4,268.6,300,2.56,46,52,500,100,1.6,0.35,0.0,1800,800,0.5,24,2.0,2
Spirit Breaker,"['Omniknight', 'Clockwerk', 'Ember Spirit', 'Faceless Void', 'Outworld Devourer', 'Enigma', 'Invoker', 'Medusa', 'Meepo', 'Razor', 'Treant Protector', 'Underlord', 'Undying']","['Anti-Mage', 'Clinkz', 'Keeper of the Light', 'Lifestealer', ""Nature's Prophet"", 'Phoenix', 'Skywrath Mage', 'Tinker', 'Ursa']","['Bloodseeker', 'Bounty Hunter', 'Io', 'Lifestealer', 'Dark Seer', 'Sand King']",Strength attribute symbol.png,29,3.1,118.9,17,1.7,66.3,14,1.8,66.2,60,6.6,251.4,285,4.72,60,70,150,100,1.9,0.6,0.3,1800,800,0.5,24,4.15,2
Sven,"['Clockwerk', 'Enchantress', 'Lifestealer', 'Necrophos', 'Pugna', 'Phantom Assassin', 'Razor', 'Omniknight', 'Sniper', 'Spectre', 'Troll Warlord', 'Venomancer', 'Winter Wyvern', 'Wraith King']","['Anti-Mage', 'Broodmother', 'Chaos Knight', 'Chen', 'Death Prophet', 'Doom', 'Meepo', 'Pangolier', 'Phantom Lancer', 'Warlock']","['Crystal Maiden', 'Dark Seer', 'Enigma', 'Io', 'Lion', 'Magnus', 'Oracle', 'Shadow Shaman']",Strength attribute symbol.png,22,3.2,114.8,21,2.0,79.0,16,1.3,53.7,59,6.5,247.5,315,4.36,63,65,150,100,1.8,0.4,0.3,1800,800,0.6,24,2.2,2
Tidehunter,"['Anti-Mage', 'Nyx Assassin', 'Razor', 'Rubick', 'Slark', 'Ursa']","['Batrider', 'Shadow Fiend', 'Phantom Lancer', 'Windranger']","['Underlord', 'Earthshaker', 'Elder Titan', 'Shadow Fiend']",Strength attribute symbol.png,25,3.5,126.5,15,1.5,58.5,18,1.7,67.3,58,6.7,252.3,300,2.4,50,56,150,100,1.7,0.6,0.56,1800,800,0.5,24,2.5,2
Timbersaw,"['Bane', 'Doom', 'Ember Spirit', 'Faceless Void', 'Invoker', 'Lion', 'Necrophos', 'Outworld Devourer', 'Pangolier', 'Pugna', 'Shadow Shaman', 'Skywrath Mage', 'Silencer', 'Storm Spirit', 'Viper', 'Zeus']","['Broodmother', 'Chaos Knight', 'Meepo', 'Monkey King', ""Nature's Prophet"", 'Phantom Assassin', 'Phantom Lancer', 'Razor', 'Slark', 'Terrorblade', 'Treant Protector']","['Bounty Hunter', 'Crystal Maiden', 'Enigma', 'Magnus', 'Faceless Void']",Strength attribute symbol.png,23,3.2,115.8,16,1.6,62.4,23,2.7,101.3,62,7.5,279.5,290,1.56,49,53,150,100,1.7,0.36,0.64,1800,800,0.6,24,2.3,2
Tiny,"['Bristleback', 'Juggernaut', 'Lifestealer', 'Lion', 'Necrophos', 'Slardar', 'Viper']","['Broodmother', 'Meepo', 'Naga Siren']","['Earthshaker', 'Io', 'Magnus', 'Enigma', 'Slardar', 'Tidehunter', 'Pudge']",Strength attribute symbol.png,28,3.8,138.2,0,0.0,0.0,17,2.2,80.8,45,6.0,219.0,310,0.0,59,65,150,90,1.7,0.4,0.7,1800,800,0.5,24,2.8,2
Treant Protector,"['Monkey King', ""Nature's Prophet"", 'Phantom Lancer', 'Rubick', 'Slardar', 'Timbersaw']","['Spirit Breaker', 'Anti-Mage', 'Lycan', 'Storm Spirit', 'Drow Ranger']","['Keeper of the Light', 'Crystal Maiden', 'Mirana', ""Nature's Prophet"", 'Pudge', 'Sven', 'Warlock']",Strength attribute symbol.png,25,3.4,123.6,15,2.0,73.0,20,1.8,72.2,60,7.2,268.8,280,1.4,87,95,150,100,1.9,0.6,0.4,1800,800,0.5,24,2.5,2
Tusk,"['Anti-Mage', 'Disruptor', 'Earth Spirit', 'Earthshaker', 'Phantom Lancer', 'Razor', 'Techies']","['Bane', 'Bloodseeker', 'Crystal Maiden', 'Legion Commander', 'Pugna', 'Shadow Fiend', 'Sniper', 'Venomancer', 'Viper', 'Monkey King']","['Omniknight', 'Axe', 'Juggernaut', 'Legion Commander', 'Lifestealer', 'Tidehunter', 'Tiny', 'Meepo']",Strength attribute symbol.png,23,3.9,136.1,23,2.1,83.9,18,1.7,67.3,64,7.7,287.3,315,3.68,50,54,150,100,1.7,0.36,0.64,1800,800,0.7,24,3.3,2
Underlord,"['Necrophos', 'Razor', 'Luna', 'Disruptor', 'Kunkka', 'Doom', 'Sniper', 'Outworld Devourer', 'Winter Wyvern', 'Rubick', 'Shadow Fiend', 'Ursa']","['Drow Ranger', 'Ember Spirit', 'Legion Commander', 'Ogre Magi', 'Templar Assassin', 'Phantom Lancer']","['Disruptor', 'Dragon Knight', 'Elder Titan', 'Leshrac', 'Mirana', 'Riki', 'Rubick', 'Timbersaw', 'Vengeful Spirit']",Strength attribute symbol.png,25,3.3,120.7,12,1.6,58.4,17,2.3,83.7,54,7.2,262.8,295,4.92,62,68,150,100,1.7,0.45,0.7,1800,800,0.6,24,2.5,2
Undying,"['Alchemist', 'Earthshaker', 'Gyrocopter', 'Luna', 'Necrophos', 'Silencer']","[""Nature's Prophet"", 'Spectre', 'Ogre Magi', 'Centaur Warrunner', 'Winter Wyvern', 'Sven', 'Bristleback']","['Broodmother', 'Crystal Maiden', 'Morphling', 'Naga Siren', 'Pugna', 'Warlock', 'Winter Wyvern', 'Lich', 'Witch Doctor']",Strength attribute symbol.png,22,2.8,103.2,10,0.8,33.2,27,2.8,108.2,59,6.4,244.6,300,2.6,57,65,150,100,1.7,0.3,0.3,1800,800,0.6,24,2.2,2
Wraith King,"['Anti-Mage', 'Broodmother', 'Chaos Knight', 'Juggernaut', 'Invoker', 'Lion', 'Monkey King', 'Phantom Lancer', 'Riki', 'Slark', 'Terrorblade', 'Weaver']","['Bloodseeker', 'Doom', 'Legion Commander', 'Necrophos', 'Rubick', 'Techies', 'Witch Doctor']","['Ursa', 'Troll Warlord', 'Bloodseeker']",Strength attribute symbol.png,22,3.2,114.8,18,1.7,67.3,18,1.6,64.4,58,6.5,246.5,315,1.88,59,61,150,100,1.7,0.56,0.44,1800,800,0.5,24,2.2,2
Anti-Mage,"['Axe', 'Bane', 'Bloodseeker', 'Disruptor', 'Doom', 'Grimstroke', 'Legion Commander', 'Meepo', 'Night Stalker', 'Outworld Devourer', 'Phantom Assassin', 'Slardar', 'Slark', 'Shadow Demon', 'Templar Assassin', 'Troll Warlord', 'Viper']","['Ancient Apparition', 'Abaddon', 'Arc Warden', 'Bristleback', 'Clockwerk', 'Elder Titan', 'Medusa', 'Ogre Magi', 'Phoenix', 'Pugna', 'Rubick', 'Spectre', 'Storm Spirit', 'Tidehunter', 'Undying', 'Venomancer', 'Wraith King', 'Zeus']","['Bane', 'Bounty Hunter', 'Dazzle', 'Dark Seer', 'Invoker', 'Lion', 'Magnus', 'Oracle', 'Shadow Demon', 'Slardar', 'Treant Protector']",Agility attribute symbol.png,23,1.3,60.7,24,3.0,111.0,12,1.8,64.2,59,6.1,235.9,310,2.84,53,57,150,100,1.4,0.3,0.6,1800,800,0.5,24,2.55,2
Arc Warden,"['Anti-Mage', 'Chaos Knight', 'Meepo', 'Naga Siren', 'Phantom Assassin', 'Riki', 'Phantom Lancer']","['Mirana', 'Terrorblade', 'Phoenix', 'Sniper', 'Templar Assassin', 'Drow Ranger', 'Enchantress']","['Ancient Apparition', 'Drow Ranger']",Agility attribute symbol.png,25,3.0,112.0,15,2.4,84.6,24,2.6,99.4,64,8.0,296.0,285,0.4,46,56,625,100,1.7,0.3,0.7,1800,800,0.7,24,2.75,2
Bloodseeker,"['Abaddon', 'Dazzle', 'Ember Spirit', 'Faceless Void', 'Medusa', 'Morphling', 'Omniknight', 'Storm Spirit', 'Techies', 'Tinker', 'Troll Warlord', 'Underlord', 'Wraith King']","['Anti-Mage', 'Clinkz', 'Huskar', 'Lycan', 'Meepo', 'Mirana', 'Pangolier', 'Phoenix', 'Queen of Pain', 'Riki', 'Slark', 'Sniper', 'Timbersaw', 'Vengeful Spirit', 'Weaver', 'Windranger']","['Ancient Apparition', 'Batrider', 'Bounty Hunter', 'Earthshaker', 'Earth Spirit', 'Grimstroke', 'Invoker', 'Jakiro', 'Magnus', ""Nature's Prophet"", 'Phoenix', 'Queen of Pain', 'Venomancer', 'Warlock', 'Zeus']",Agility attribute symbol.png,24,2.7,102.3,22,3.4,120.6,18,1.7,67.3,64,7.8,290.2,300,5.52,55,61,150,100,1.7,0.43,0.74,1800,800,0.5,24,2.4,2
Bounty Hunter,"['Bloodseeker', 'Death Prophet', 'Luna', 'Rubick', 'Slardar', 'Spectre', 'Spirit Breaker', 'Venomancer', 'Viper', 'Zeus']","['Sniper', 'Nyx Assassin', 'Shadow Fiend', 'Pudge']","['Invoker', ""Nature's Prophet"", 'Tinker', 'Spectre', 'Zeus']",Agility attribute symbol.png,20,2.5,92.5,21,2.6,96.4,19,2.0,77.0,60,7.1,265.9,315,7.36,48,62,150,100,1.7,0.59,0.59,1800,1000,0.6,24,3.25,2
Broodmother,"['Alchemist', 'Axe', 'Bristleback', 'Dark Seer', 'Dragon Knight', 'Earthshaker', 'Elder Titan', 'Ember Spirit', 'Kunkka', 'Legion Commander', 'Lina', 'Mars', 'Meepo', 'Necrophos', 'Pangolier', 'Sand King', 'Shadow Fiend', 'Storm Spirit', 'Sven', 'Tidehunter', 'Timbersaw']","['Chen', 'Drow Ranger', 'Enchantress', ""Nature's Prophet"", 'Phantom Assassin', 'Sniper', 'Treant Protector']","['Beastmaster', 'Dazzle', 'Lifestealer']",Agility attribute symbol.png,18,2.8,99.2,15,2.8,96.2,18,2.0,76.0,51,7.6,271.4,275,2.4,44,50,150,125,1.7,0.4,0.5,1800,800,0.5,24,1.8,8
Clinkz,"['Bloodseeker', 'Bounty Hunter', 'Doom', 'Enchantress', 'Lion', 'Morphling', 'Slardar', 'Spectre', 'Spirit Breaker', 'Treant Protector', 'Winter Wyvern', 'Zeus']","['Anti-Mage', 'Ember Spirit', 'Huskar', ""Nature's Prophet"", 'Viper']","['Drow Ranger', 'Omniknight', 'Vengeful Spirit']",Agility attribute symbol.png,14,2.2,77.8,22,2.7,100.3,18,1.7,67.3,54,6.6,245.4,290,3.52,37,43,625,100,1.7,0.7,0.3,1800,800,0.5,24,1.65,2
Drow Ranger,"['Faceless Void', 'Tinker', 'Tusk', 'Axe', 'Clockwerk', 'Huskar', 'Lycan', 'Riki', 'Phantom Lancer', 'Pudge', 'Chaos Knight', 'Nyx Assassin', 'Omniknight', 'Razor', 'Slark']","['Ember Spirit', 'Juggernaut', 'Anti-Mage', 'Weaver', 'Mirana', 'Rubick']","['Visage', 'Windranger', 'Vengeful Spirit', 'Medusa', 'Enigma', 'Clockwerk']",Agility attribute symbol.png,18,1.9,73.1,20,2.9,104.1,15,1.4,55.6,53,6.2,232.8,285,0.2,49,60,625,100,1.7,0.55,0.3,1800,800,0.7,24,2.05,2
Ember Spirit,"['Lion', 'Shadow Fiend', 'Silencer', 'Storm Spirit', 'Faceless Void', 'Omniknight', 'Outworld Devourer', 'Nyx Assassin', 'Kunkka']","['Meepo', 'Chaos Knight', 'Terrorblade', 'Crystal Maiden', ""Nature's Prophet"", 'Phantom Lancer']","['Magnus', 'Keeper of the Light', 'Dazzle', 'Faceless Void']",Agility attribute symbol.png,21,2.6,96.4,22,2.6,97.4,20,1.8,72.2,63,7.0,266.0,305,2.52,55,59,150,100,1.7,0.4,0.3,1800,800,0.5,24,2.6,2
Faceless Void,"['Abaddon', 'Brewmaster', 'Earth Spirit', 'Grimstroke', 'Night Stalker', 'Pudge', 'Shadow Demon', 'Sven', 'Vengeful Spirit']","['Anti-Mage', 'Bloodseeker', 'Bristleback', 'Invoker', 'Morphling', 'Necrophos', 'Queen of Pain', 'Razor', 'Rubick', 'Slark', 'Storm Spirit', 'Weaver']","['Disruptor', 'Enigma', 'Invoker', 'Jakiro', 'Kunkka', 'Lich', 'Outworld Devourer', 'Phoenix', 'Witch Doctor']",Agility attribute symbol.png,24,2.4,93.6,23,3.0,110.0,15,1.5,58.5,62,6.9,262.1,300,3.68,56,62,150,100,1.7,0.5,0.56,1800,800,1.0,24,2.9,2
Gyrocopter,"['Anti-Mage', 'Arc Warden', 'Huskar', 'Faceless Void', 'Juggernaut', 'Lina', 'Lifestealer', 'Omniknight', 'Queen of Pain', 'Timbersaw']","['Meepo', 'Undying', 'Phantom Lancer', 'Chaos Knight', 'Terrorblade']","['Bloodseeker', 'Disruptor', 'Earthshaker', 'Enigma', 'Magnus', 'Morphling', 'Rubick', 'Warlock']",Agility attribute symbol.png,22,2.5,94.5,19,3.6,123.4,19,2.1,79.9,60,8.2,297.8,315,5.04,40,50,365,125,1.7,0.2,0.65,1800,800,0.6,24,2.2,2
Juggernaut,"['Axe', 'Bane', 'Chaos Knight', 'Doom', 'Faceless Void', 'Omniknight', 'Outworld Devourer', 'Ursa', 'Pudge', 'Legion Commander', 'Windranger']","['Dark Willow', 'Invoker', 'Keeper of the Light', 'Necrophos', 'Phoenix', 'Templar Assassin', 'Zeus']","['Crystal Maiden', 'Dazzle', 'Shadow Shaman', 'Venomancer', 'Zeus']",Agility attribute symbol.png,20,2.2,83.8,34,2.8,115.2,14,1.4,54.6,68,6.4,253.6,305,5.44,50,54,150,110,1.4,0.33,0.84,1800,800,0.6,24,2.5,2
Lone Druid,"['Phantom Assassin', 'Faceless Void', 'Grimstroke', 'Legion Commander', 'Lich', 'Slark', 'Tinker']","[""Nature's Prophet"", 'Silencer']","['Beastmaster', 'Lycan', 'Ogre Magi', 'Omniknight']",Agility attribute symbol.png,18,2.7,96.3,20,2.8,101.2,13,1.4,53.6,51,6.9,251.1,325,1.2,38,42,550,100,1.7,0.33,0.53,1800,800,0.5,24,2.05,2
Luna,"['Bristleback', 'Broodmother', 'Juggernaut', 'Lina', 'Meepo', 'Phantom Lancer', 'Pudge', 'Sniper', 'Slark', 'Techies', 'Tinker', 'Zeus']","['Arc Warden', 'Bane', 'Bounty Hunter', 'Chen', 'Enchantress', 'Riki', 'Legion Commander', 'Lifestealer', 'Magnus', 'Necrophos', 'Pugna', 'Riki', 'Tidehunter', 'Underlord', 'Winter Wyvern']","['Crystal Maiden', 'Keeper of the Light', 'Night Stalker', 'Vengeful Spirit', 'Shadow Demon']",Agility attribute symbol.png,21,2.2,84.8,18,3.4,116.6,23,1.9,78.1,62,7.5,279.5,325,2.88,47,53,330,100,1.7,0.46,0.54,1800,800,0.6,24,2.6,2
Medusa,"['Anti-Mage', 'Arc Warden', 'Axe', 'Bane', 'Invoker', 'Meepo', 'Nyx Assassin', 'Phantom Lancer', 'Pugna', 'Slark', 'Sniper']","['Enchantress', 'Lifestealer', 'Morphling', 'Necrophos', 'Sven', 'Undying', 'Enigma', 'Axe', 'Spectre']","['Axe', 'Earthshaker', 'Keeper of the Light', 'Lich', 'Phoenix', 'Pugna', 'Shadow Demon']",Agility attribute symbol.png,15,1.5,58.5,22,3.6,126.4,19,4.0,135.0,56,9.1,319.9,275,2.52,46,52,600,100,1.7,0.5,0.6,1800,800,0.5,24,1.5,0
Meepo,"['Axe', 'Earthshaker', 'Elder Titan', 'Kunkka', 'Mars', 'Monkey King', 'Pangolier', 'Sven', 'Techies', 'Terrorblade', 'Venomancer', 'Viper', 'Winter Wyvern']","['Anti-Mage', 'Legion Commander', 'Phantom Lancer', 'Phoenix', 'Queen of Pain', 'Shadow Demon', 'Storm Spirit']","['Disruptor', 'Kunkka', 'Silencer', 'Sven', 'Dazzle']",Agility attribute symbol.png,24,1.8,76.2,17,1.8,69.2,20,1.6,66.4,61,5.2,211.8,330,5.72,39,45,150,100,1.7,0.38,0.6,1800,800,0.65,24,2.65,2
Mirana,"['Abaddon', 'Arc Warden', 'Bloodseeker', 'Lina', 'Lycan', 'Meepo', 'Night Stalker', 'Puck', 'Slark', 'Windranger']","['Crystal Maiden', 'Drow Ranger', 'Techies', 'Witch Doctor']","['Axe', 'Bane', 'Batrider', 'Clockwerk', 'Shadow Demon', 'Sven', 'Underlord']",Agility attribute symbol.png,18,2.2,81.8,18,3.7,125.3,22,1.9,77.1,58,7.8,284.2,290,1.88,45,50,630,115,1.7,0.35,0.7,1800,800,0.5,24,1.8,2
Monkey King,"['Batrider', 'Beastmaster', 'Bounty Hunter', 'Brewmaster', 'Clockwerk', 'Dark Willow', 'Disruptor', 'Earth Spirit', 'Enchantress', 'Enigma', 'Huskar', 'Keeper of the Light', 'Lina', 'Magnus', 'Mars', 'Pangolier', 'Phantom Assassin', 'Pudge', 'Queen of Pain', 'Slardar', 'Spectre', 'Spirit Breaker', 'Storm Spirit', 'Techies', 'Timbersaw', 'Vengeful Spirit', 'Venomancer', 'Viper', 'Visage', 'Windranger']","['Alchemist', 'Drow Ranger', 'Omniknight', ""Nature's Prophet"", 'Shadow Fiend', 'Spectre', 'Silencer', 'Timbersaw', 'Underlord', 'Skywrath Mage', 'Witch Doctor']","['Beastmaster', 'Crystal Maiden', 'Dark Seer', 'Elder Titan', 'Keeper of the Light', 'Magnus', 'Mars', ""Nature's Prophet"", 'Oracle', 'Puck', 'Treant Protector']",Agility attribute symbol.png,19,2.8,100.2,22,3.7,129.3,20,1.8,72.2,61,8.3,301.7,305,1.52,51,57,300,100,1.7,0.45,0.2,1800,800,0.6,8,3.4,2
Morphling,"['Ancient Apparition', 'Anti-Mage', 'Arc Warden', 'Earth Spirit', 'Elder Titan', 'Lion', 'Meepo', 'Mirana', 'Outworld Devourer', 'Rubick', 'Skywrath Mage']","['Lifestealer', 'Bloodseeker', 'Clockwerk', 'Drow Ranger', 'Lone Druid', 'Razor', 'Sniper', 'Others']","['Drow Ranger', 'Earthshaker', 'Tiny', 'Pugna', 'Keeper of the Light', 'Crystal Maiden']",Agility attribute symbol.png,22,3.0,109.0,24,4.3,148.7,15,1.5,58.5,61,8.8,316.2,280,1.84,33,42,350,100,1.5,0.5,0.5,1800,800,0.6,24,2.2,0
Naga Siren,"['Axe', 'Batrider', 'Enchantress', 'Earthshaker', 'Huskar', 'Lion', 'Outworld Devourer', 'Timbersaw', 'Zeus']","['Abaddon', 'Omniknight', ""Nature's Prophet"", 'Legion Commander', 'Templar Assassin', 'Crystal Maiden', 'Chen', 'Bounty Hunter', 'Viper', 'Night Stalker', 'Enigma', 'Magnus', 'Arc Warden', 'Sniper', 'Rubick']","['Dazzle', 'Disruptor', 'Kunkka', 'Razor', 'Tidehunter']",Agility attribute symbol.png,22,2.8,103.2,21,3.5,122.5,21,2.0,79.0,64,8.3,304.7,320,6.36,44,46,150,100,1.7,0.5,0.5,1800,800,0.5,8,3.7,0
Nyx Assassin,"['Bounty Hunter', 'Bloodseeker', 'Brewmaster', 'Doom', 'Juggernaut', 'Visage', 'Lifestealer', 'Lycan', 'Slardar']","['Crystal Maiden', 'Enigma', 'Ember Spirit', 'Medusa', 'Outworld Devourer', 'Phoenix', 'Puck', 'Pugna', 'Sniper', 'Storm Spirit', 'Tinker']","['Invoker', 'Legion Commander', 'Lifestealer', 'Bloodseeker']",Agility attribute symbol.png,18,2.5,90.5,19,2.5,91.5,18,2.1,78.9,55,7.1,260.9,315,4.04,46,50,150,100,1.7,0.46,0.54,1800,800,0.5,24,4.3,6
Pangolier,"['Bloodseeker', 'Centaur Warrunner', 'Faceless Void', 'Grimstroke', 'Medusa', 'Outworld Devourer', 'Puck', 'Slark', 'Spirit Breaker', 'Tusk']","['Arc Warden', 'Broodmother', 'Meepo', 'Phantom Lancer', 'Templar Assassin', 'Visage']","['Abaddon', 'Batrider', 'Clockwerk', 'Dark Seer', 'Earth Spirit', 'Jakiro', 'Keeper of the Light', 'Undying']",Agility attribute symbol.png,17,2.5,89.5,18,3.2,110.8,16,1.9,71.1,51,7.6,271.4,305,3.88,51,57,150,100,1.7,0.33,0.0,1800,800,1.0,24,1.95,2
Phantom Assassin,"['Axe', 'Bane', 'Broodmother', 'Centaur Warrunner', 'Dragon Knight', 'Lina', 'Lion', 'Morphling', 'Omniknight', 'Phoenix', 'Puck', 'Razor', 'Skywrath Mage', 'Spectre', 'Timbersaw', 'Tinker', 'Viper']","['Anti-Mage', 'Crystal Maiden', 'Dazzle', ""Nature's Prophet"", 'Riki', 'Sniper']","['Ancient Apparition', 'Beastmaster', 'Magnus', 'Omniknight', 'Slardar', 'Vengeful Spirit']",Agility attribute symbol.png,21,2.2,84.8,23,3.4,121.6,15,1.4,55.6,59,7.0,262.0,305,4.68,50,52,150,100,1.7,0.3,0.7,1800,800,0.6,24,2.35,2
Phantom Lancer,"['Axe', 'Bristleback', 'Centaur Warrunner', 'Dragon Knight', 'Earthshaker', 'Ember Spirit', 'Gyrocopter', 'Kunkka', 'Legion Commander', 'Leshrac', 'Meepo', 'Magnus', 'Pangolier', 'Phoenix', 'Puck', 'Razor', 'Sand King', 'Storm Spirit', 'Sven', 'Tidehunter', 'Witch Doctor']","['Arc Warden', 'Bounty Hunter', 'Chaos Knight', 'Clockwerk', 'Disruptor', 'Lifestealer', 'Lone Druid', 'Shadow Demon', 'Slark', 'Templar Assassin', 'Undying', 'Ursa', 'Viper', 'Visage', 'Wraith King']","['Bane', 'Crystal Maiden', 'Dazzle', 'Jakiro', 'Keeper of the Light', 'Oracle', 'Shadow Shaman', 'Slardar', 'Spirit Breaker', 'Undying', 'Venomancer']",Agility attribute symbol.png,19,2.2,82.8,26,3.2,118.8,19,2.0,77.0,64,7.4,278.6,290,4.16,48,70,150,100,1.7,0.5,0.5,1800,800,0.6,8,3.4,2
Razor,"['Anti-Mage', 'Chaos Knight', 'Centaur Warrunner', 'Earth Spirit', 'Faceless Void', 'Necrophos', 'Outworld Devourer', 'Queen of Pain', 'Slark', 'Sniper', 'Weaver']","['Bristleback', 'Earthshaker', 'Lifestealer', 'Monkey King', 'Phantom Assassin', 'Spirit Breaker', 'Troll Warlord', 'Windranger']","['Death Prophet', 'Shadow Demon', 'Outworld Devourer', 'Bane', 'Naga Siren']",Agility attribute symbol.png,22,2.6,97.4,22,2.1,82.9,21,1.8,73.2,65,6.5,253.5,285,2.52,45,47,475,100,1.7,0.3,0.4,1800,800,0.5,24,2.2,0
Riki,"['Axe', 'Bounty Hunter', 'Bristleback', 'Legion Commander', 'Meepo', 'Omniknight', 'Razor', 'Slardar', 'Spectre', 'Viper', 'Zeus']","['Anti-Mage', 'Chen', 'Clinkz', 'Crystal Maiden', 'Drow Ranger', 'Lifestealer', 'Queen of Pain', 'Storm Spirit', 'Skywrath Mage', 'Sniper', 'Ursa', 'Weaver']","['Faceless Void', 'Lifestealer', 'Meepo', 'Dark Seer', 'Magnus', 'Enigma', 'Axe']",Agility attribute symbol.png,18,2.4,87.6,18,1.4,58.6,14,1.3,51.7,50,5.1,197.9,320,5.88,59,63,150,100,1.7,0.3,0.3,1800,800,0.6,24,4.8,2
Shadow Fiend,"['Axe', 'Bane', 'Bounty Hunter', 'Disruptor', 'Doom', 'Dragon Knight', 'Night Stalker', 'Pugna', 'Sniper', 'Spirit Breaker', 'Tinker', 'Ursa', 'Tidehunter', 'Viper', 'Zeus']","['Clockwerk', 'Meepo', ""Nature's Prophet"", 'Silencer', 'Slark']","['Bane', 'Clockwerk', 'Enigma', 'Legion Commander', 'Magnus', 'Slardar', 'Tidehunter', 'Vengeful Spirit']",Agility attribute symbol.png,19,2.7,97.3,20,3.5,121.5,18,2.2,81.8,57,8.4,300.6,305,3.2,35,41,500,100,1.7,0.5,0.54,1800,800,1.0,24,2.15,0
Slark,"['Ancient Apparition', 'Axe', 'Bloodseeker', 'Centaur Warrunner', 'Chaos Knight', 'Disruptor', 'Earthshaker', 'Faceless Void', 'Leshrac', 'Lone Druid', 'Meepo', 'Omniknight', 'Outworld Devourer', 'Phantom Lancer', 'Puck', 'Tiny']","['Arc Warden', 'Drow Ranger', 'Luna', 'Medusa', 'Phantom Assassin', 'Rubick', 'Sniper', 'Spectre', 'Storm Spirit', 'Templar Assassin', 'Warlock']","['Bane', 'Earthshaker', 'Luna', 'Magnus', 'Kunkka', 'Omniknight', 'Skywrath Mage', 'Underlord', 'Witch Doctor', 'Zeus']",Agility attribute symbol.png,21,1.9,76.1,21,1.7,70.3,16,1.7,65.3,58,5.3,211.7,300,3.36,53,61,150,120,1.7,0.5,0.3,1800,1800,0.7,24,3.85,2
Sniper,"['Axe', 'Bloodseeker', 'Bounty Hunter', 'Centaur Warrunner', 'Clockwerk', 'Ember Spirit', 'Invoker', 'Lifestealer', 'Omniknight', 'Phantom Assassin', 'Phantom Lancer', 'Pudge', 'Slardar', 'Slark', 'Spectre', 'Spirit Breaker', 'Storm Spirit', 'Tusk', 'Viper', 'Weaver']","['Drow Ranger', 'Earthshaker', 'Enigma', 'Medusa', 'Silencer', 'Shadow Fiend', 'Undying']","['Ogre Magi', 'Lich', 'Bloodseeker']",Agility attribute symbol.png,19,1.7,68.3,21,3.4,119.6,15,2.6,90.4,55,7.7,278.3,285,2.36,40,46,550,100,1.7,0.17,0.7,1800,1400,0.7,24,1.9,2
Spectre,"['Anti-Mage', 'Doom', 'Juggernaut', 'Lion', 'Lycan', 'Meepo', 'Necrophos', 'Omniknight', 'Pugna', 'Riki', 'Shadow Shaman', 'Storm Spirit', 'Terrorblade', 'Undying', 'Venomancer', 'Viper', 'Winter Wyvern']","['Ancient Apparition', 'Clinkz', 'Crystal Maiden', 'Drow Ranger', 'Earthshaker', 'Lina', 'Magnus', ""Nature's Prophet"", 'Rubick', 'Sniper', 'Tinker', 'Windranger']","['Bloodseeker', 'Bounty Hunter', 'Chen', 'Clockwerk', 'Earthshaker', 'Enigma', 'Leshrac', 'Magnus', 'Outworld Devourer', 'Treant Protector', 'Warlock', 'Pudge']",Agility attribute symbol.png,23,2.5,95.5,23,2.1,83.9,16,1.9,71.1,62,6.5,250.5,290,3.68,46,50,150,100,1.7,0.3,0.7,1800,800,0.5,24,4.8,0
Templar Assassin,"['Arc Warden', 'Venomancer', 'Phoenix', 'Batrider', 'Viper', 'Dragon Knight', 'Pudge', 'Huskar', 'Razor', 'Pugna']",['Shadow Fiend'],"['Slardar', 'Elder Titan']",Agility attribute symbol.png,19,2.4,88.6,23,3.2,115.8,20,2.0,78.0,62,7.6,282.4,305,4.68,53,59,140,100,1.7,0.3,0.5,1800,800,0.7,24,2.15,2
Terrorblade,"['Earth Spirit', 'Axe', 'Elder Titan', 'Ursa', 'Lina', 'Dark Seer', 'Shadow Shaman', 'Ember Spirit', 'Dazzle', 'Necrophos', 'Outworld Devourer', 'Razor', 'Sven', 'Tinker', 'Zeus', 'Timbersaw']","['Ancient Apparition', 'Bane', 'Viper', 'Techies', 'Shadow Fiend', 'Pudge', 'Anti-Mage', 'Sniper', 'Lifestealer', 'Vengeful Spirit']","['Dazzle', 'Oracle', 'Shadow Demon']",Agility attribute symbol.png,15,1.7,64.3,22,4.8,161.2,19,1.6,65.4,56,8.1,290.9,315,10.52,48,54,150,100,1.5,0.3,0.6,1800,800,0.5,24,1.5,2
Troll Warlord,"['Axe', 'Bane', 'Chaos Knight', 'Crystal Maiden', 'Lich', 'Oracle', 'Outworld Devourer', 'Razor', 'Sniper', 'Timbersaw', 'Underlord', 'Winter Wyvern']","['Anti-Mage', 'Huskar', 'Juggernaut', 'Lifestealer', 'Phantom Assassin', 'Phoenix', 'Sven', 'Undying']","['Slardar', 'Vengeful Spirit', 'Others[edit]']",Agility attribute symbol.png,21,2.5,93.5,21,3.3,116.7,13,1.0,42.0,55,6.8,252.2,290,2.36,48,56,500,100,1.7,0.3,0.3,1800,800,0.5,24,2.35,2
Ursa,"['Anti-Mage', 'Bane', 'Doom', 'Lion', 'Riki', 'Slark', 'Storm Spirit', 'Templar Assassin', 'Viper', 'Weaver', 'Windranger']","['Lifestealer', 'Lina', 'Timbersaw', 'Huskar', 'Medusa', 'Bristleback', 'Underlord', 'Pudge']","['Bristleback', 'Dazzle', 'Io', 'Disruptor', 'Shadow Shaman', 'Lion', 'Bane']",Agility attribute symbol.png,24,2.8,105.2,18,2.4,87.6,16,1.5,59.5,58,6.7,252.3,310,3.88,42,46,150,100,1.7,0.3,0.3,1800,800,0.5,24,2.9,2
Vengeful Spirit,"['Anti-Mage', 'Lina', 'Nyx Assassin', 'Phantom Lancer', 'Rubick', 'Spirit Breaker', 'Tidehunter', 'Viper']","['Batrider', 'Clockwerk', 'Faceless Void', 'Huskar', 'Meepo', 'Monkey King']","['Techies', 'Shadow Fiend', 'Slardar', 'Drow Ranger', 'Mirana', 'Bloodseeker', 'Crystal Maiden', 'Weaver']",Agility attribute symbol.png,19,2.4,88.6,20,3.8,130.2,17,1.5,60.5,56,7.7,279.3,290,3.2,41,49,400,100,1.7,0.33,0.64,1800,800,0.6,24,2.15,2
Venomancer,"['Abaddon', 'Anti-Mage', 'Huskar', 'Legion Commander', 'Oracle', 'Rubick', 'Slark', 'Terrorblade', 'Underlord', 'Wraith King']","['Axe', 'Earthshaker', 'Magnus', 'Mars', 'Monkey King', 'Spectre', 'Templar Assassin', 'Techies', 'Windranger']","['Ancient Apparition', 'Undying']",Agility attribute symbol.png,19,2.1,79.9,26,3.2,118.8,19,1.8,71.2,64,7.1,269.9,275,4.16,42,44,450,115,1.7,0.3,0.7,1800,800,0.5,24,1.9,0
Viper,"['Broodmother', 'Chaos Knight', 'Clinkz', 'Invoker', 'Lifestealer', 'Phantom Lancer', 'Pugna', 'Rubick', 'Terrorblade', 'Weaver', 'Windranger', 'Wraith King']","['Abaddon', 'Axe', 'Bristleback', 'Dragon Knight', 'Earthshaker', 'Huskar', 'Magnus', 'Mars', 'Monkey King', 'Necrophos', 'Nyx Assassin', 'Razor', 'Slark', 'Spectre', 'Templar Assassin', 'Tidehunter', 'Vengeful Spirit', 'Venomancer', 'Visage', 'Zeus']","['Abaddon', 'Beastmaster', 'Clockwerk', 'Crystal Maiden', 'Dark Seer', 'Dazzle', 'Drow Ranger', 'Earth Spirit', 'Faceless Void', 'Lich', 'Luna', 'Necrophos', 'Ogre Magi', 'Slardar', 'Treant Protector']",Agility attribute symbol.png,21,2.4,90.6,21,2.5,93.5,15,1.8,67.2,57,6.7,251.3,275,1.36,46,48,575,120,1.7,0.33,1.0,1800,800,0.5,24,2.1,0
Weaver,"['Axe', 'Bloodseeker', 'Drow Ranger', 'Faceless Void', 'Night Stalker', 'Nyx Assassin', 'Skywrath Mage', 'Slardar', 'Zeus']","['Ancient Apparition', 'Brewmaster', 'Lifestealer', 'Undying', 'Pudge', 'Sven', 'Ursa', 'Wraith King']","['Crystal Maiden', 'Alchemist', 'Vengeful Spirit']",Agility attribute symbol.png,16,2.0,74.0,14,3.1,103.9,16,2.0,74.0,46,7.1,251.9,275,2.24,50,60,425,120,1.8,0.64,0.36,1800,800,0.5,24,2.6,4
Ancient Apparition,"['Anti-Mage', 'Brewmaster', 'Mirana', 'Oracle', 'Phantom Lancer', 'Phoenix', 'Terrorblade', 'Viper', 'Weaver']","['Abaddon', 'Alchemist', 'Chen', 'Dazzle', 'Death Prophet', 'Huskar', 'Io']","['Faceless Void', 'Meepo', 'Shadow Demon', 'Slark']",Intelligence attribute symbol.png,20,1.9,75.1,20,2.2,83.8,23,3.4,121.6,63,7.5,280.5,285,2.2,44,54,675,100,1.7,0.45,0.3,1800,800,0.6,24,2.0,2
Bane,"['Abaddon', 'Pudge', 'Luna', 'Rubick', 'Slark']","['Faceless Void', 'Juggernaut', 'Legion Commander', 'Medusa', 'Phantom Assassin']","['Doom', 'Grimstroke', 'Kunkka', 'Mirana', 'Omniknight', 'Pudge', 'Razor', 'Skywrath Mage']",Intelligence attribute symbol.png,23,2.6,98.4,23,2.6,98.4,23,2.6,98.4,69,7.8,295.2,305,4.68,58,64,400,100,1.7,0.3,0.7,1800,800,0.6,24,2.3,4
Batrider,"['Abaddon', 'Kunkka', 'Legion Commander', 'Nyx Assassin', 'Oracle', 'Tidehunter', 'Ursa', 'Vengeful Spirit', 'Venomancer', 'Weaver', 'Slark']","['Chen', 'Meepo', 'Monkey King', 'Naga Siren', 'Techies', 'Templar Assassin', 'Treant Protector']","['Ursa', 'Pugna', 'Skywrath Mage', 'Pudge']",Intelligence attribute symbol.png,28,2.9,112.1,15,1.5,58.5,22,2.9,106.1,65,7.3,276.7,290,2.4,38,42,375,100,1.7,0.3,0.54,1200,800,1.0,24,4.55,2
Chen,"['Enchantress', 'Earthshaker', 'Legion Commander', 'Sven', 'Lina', 'Luna', 'Monkey King', 'Venomancer', 'Abaddon', 'Jakiro', 'Sand King', 'Timbersaw', 'Necrophos', 'Death Prophet', 'Dark Seer', 'Broodmother', 'Alchemist', 'Razor', 'Phoenix', 'Shadow Shaman', 'Elder Titan', 'Batrider', 'Ancient Apparition', 'Underlord', 'Witch Doctor']","['Techies', 'Arc Warden', 'Visage', 'Clockwerk']","['Vengeful Spirit', 'Lycan']",Intelligence attribute symbol.png,25,2.0,83.0,15,2.1,75.9,19,3.2,111.8,59,7.3,270.7,300,1.4,44,54,650,100,1.7,0.5,0.5,1800,800,0.6,24,2.5,2
Crystal Maiden,"['Bounty Hunter', 'Bristleback', 'Clockwerk', 'Doom', 'Earth Spirit', 'Jakiro', 'Legion Commander', 'Luna', 'Naga Siren', 'Nyx Assassin', 'Tidehunter', 'Tusk', 'Visage']","['Slark', 'Phantom Assassin', 'Templar Assassin']","['Juggernaut', 'Timbersaw', 'Sven']",Intelligence attribute symbol.png,18,2.2,81.8,16,1.6,62.4,14,3.3,109.7,48,7.1,253.9,275,1.56,44,50,600,115,1.7,0.45,0.0,1800,800,0.5,24,1.8,2
Dark Seer,"['Anti-Mage', 'Ember Spirit', 'Oracle', 'Sniper']","['Broodmother', 'Templar Assassin', 'Treant Protector', 'Meepo', 'Terrorblade', 'Venomancer']","['Bounty Hunter', 'Elder Titan', 'Enigma', 'Riki', 'Sven', 'Venomancer']",Intelligence attribute symbol.png,20,3.1,109.9,12,1.8,64.2,21,3.1,110.9,53,8.0,285.0,295,4.92,54,60,150,100,1.7,0.59,0.58,1800,800,0.6,24,2.0,2
Dark Willow,"['Anti-Mage', 'Axe', 'Bristleback', 'Drow Ranger', 'Ember Spirit', 'Juggernaut', 'Lifestealer', 'Nyx Assassin', 'Oracle', 'Puck', 'Pudge', 'Riki', 'Silencer', 'Storm Spirit']","['Bloodseeker', 'Faceless Void', 'Monkey King', 'Meepo', 'Spirit Breaker', 'Timbersaw', 'Troll Warlord', 'Windranger']","['Mars', 'Rubick', 'Ember Spirit', 'Invoker', 'Juggernaut', 'Lina', 'Mirana', 'Phoenix', 'Puck', 'Warlock', 'Weaver', 'Axe']",Intelligence attribute symbol.png,20,2.0,78.0,18,1.6,64.4,18,3.5,119.5,56,7.1,261.9,290,1.88,45,53,475,115,1.5,0.3,0.0,1800,800,0.7,24,2.0,2
Dazzle,"['Ancient Apparition', 'Axe', 'Morphling', 'Naga Siren', 'Outworld Devourer', 'Phantom Lancer', 'Silencer', 'Doom']","['Clockwerk', 'Necrophos', 'Venomancer']","['Brewmaster', 'Broodmother', 'Huskar', 'Meepo', 'Naga Siren', 'Phantom Lancer']",Intelligence attribute symbol.png,18,2.5,90.5,21,1.7,70.3,25,3.7,132.3,64,7.9,293.1,305,2.36,47,53,550,100,1.7,0.3,0.3,1800,800,0.6,24,1.8,2
Death Prophet,"['Ancient Apparition', 'Anti-Mage', 'Doom', 'Legion Commander', 'Omniknight', 'Shadow Fiend']","['Zeus', 'Invoker', 'Morphling', 'Timbersaw', ""Nature's Prophet""]","['Enigma', 'Faceless Void']",Intelligence attribute symbol.png,19,3.1,108.9,14,1.4,54.6,24,3.5,125.5,57,8.0,289.0,315,3.24,51,63,600,100,1.7,0.56,0.51,1800,800,0.5,24,1.9,2
Disruptor,"['Abaddon', 'Kunkka', 'Juggernaut', 'Lifestealer', 'Omniknight', 'Phantom Lancer', 'Pugna', 'Sniper', 'Viper']","['Slark', 'Queen of Pain', 'Anti-Mage', 'Tidehunter', 'Storm Spirit', 'Io']","['Zeus', 'Anti-Mage', 'Keeper of the Light', 'Elder Titan', 'Warlock', 'Clinkz']",Intelligence attribute symbol.png,21,2.4,90.6,15,1.4,55.6,20,2.9,104.1,56,6.7,250.3,295,2.4,49,53,625,100,1.7,0.4,0.5,1800,800,0.5,24,2.1,2
Enchantress,"['Razor', 'Broodmother', 'Chen', 'Crystal Maiden', 'Juggernaut', 'Lina', 'Luna', 'Meepo', 'Riki', 'Timbersaw', 'Troll Warlord', 'Venomancer', 'Windranger']","['Ember Spirit', 'Lycan', 'Omniknight', 'Spirit Breaker', 'Lifestealer', 'Sven', 'Ursa']","['Legion Commander', 'Lich', 'Io', 'Warlock']",Intelligence attribute symbol.png,17,1.7,66.3,19,1.8,71.2,22,3.6,126.4,58,7.1,263.9,320,4.04,45,55,575,100,1.7,0.3,0.7,1800,800,0.5,24,1.7,4
Enigma,"['Abaddon', 'Anti-Mage', 'Bloodseeker', 'Bristleback', 'Clinkz', 'Clockwerk', 'Doom', 'Medusa', 'Pudge', 'Riki', 'Rubick', 'Silencer', 'Sniper', 'Spectre', 'Storm Spirit', 'Vengeful Spirit', 'Warlock', 'Winter Wyvern', 'Wraith King', 'Zeus']","['Chaos Knight', 'Crystal Maiden', 'Huskar', 'Juggernaut', 'Lifestealer', 'Monkey King', 'Omniknight', 'Venomancer']","['Ancient Apparition', 'Axe', 'Crystal Maiden', 'Dark Seer', 'Dazzle', 'Earthshaker', 'Magnus', 'Naga Siren', 'Outworld Devourer', 'Phoenix', 'Sand King', 'Treant Protector', 'Warlock', 'Witch Doctor']",Intelligence attribute symbol.png,21,2.5,93.5,14,1.0,43.0,19,3.6,123.4,54,7.1,259.9,290,4.24,43,49,500,100,1.7,0.4,0.77,1800,800,0.5,24,2.1,0
Grimstroke,"['Huskar', 'Omniknight', 'Phoenix', 'Riki', 'Rubick', 'Shadow Demon', 'Silencer', 'Sniper', 'Vengeful Spirit']","['Broodmother', 'Crystal Maiden', 'Io', 'Necrophos', 'Phantom Lancer', 'Terrorblade', 'Timbersaw', 'Weaver']","['Doom', 'Bane', 'Bloodseeker', 'Bounty Hunter', 'Crystal Maiden', 'Lich', 'Lion', 'Lina', 'Necrophos', 'Phoenix', 'Pugna', 'Slark', 'Witch Doctor']",Intelligence attribute symbol.png,21,2.4,90.6,18,1.9,73.1,25,3.8,135.2,64,8.1,298.9,290,2.88,46,50,550,100,1.7,0.35,0.0,1800,800,0.6,24,2.1,2
Invoker,"['Anti-Mage', 'Broodmother', 'Faceless Void', 'Juggernaut', 'Kunkka', 'Lifestealer', 'Night Stalker', 'Nyx Assassin', 'Outworld Devourer', 'Queen of Pain', 'Silencer', 'Storm Spirit', 'Templar Assassin', 'Viper']","['Huskar', 'Legion Commander', 'Medusa', 'Necrophos', 'Pugna', 'Tinker', 'Wraith King']","['Bloodseeker', 'Dark Seer', 'Disruptor', 'Magnus', ""Nature's Prophet"", 'Faceless Void', 'Legion Commander']",Intelligence attribute symbol.png,18,2.4,87.6,14,1.9,69.1,15,4.6,148.4,47,8.9,305.1,280,2.24,42,48,600,100,1.7,0.4,0.7,1800,800,0.5,24,1.8,2
Jakiro,"['Anti-Mage', 'Clockwerk', 'Lifestealer', 'Oracle', 'Rubick', 'Silencer', 'Skywrath Mage']","['Axe', 'Broodmother', 'Chen', 'Chaos Knight', 'Meepo', ""Nature's Prophet"", 'Phantom Lancer', 'Riki', 'Templar Assassin', 'Treant Protector']","['Dark Seer', 'Faceless Void', 'Kunkka', 'Magnus', 'Shadow Demon', 'Treant Protector']",Intelligence attribute symbol.png,27,3.0,114.0,10,1.2,44.8,26,3.2,118.8,63,7.4,277.6,290,2.6,53,61,400,100,1.7,0.4,0.3,1800,800,0.5,24,2.7,2
Keeper of the Light,"['Legion Commander', 'Lifestealer', 'Night Stalker', 'Nyx Assassin']","['Monkey King', 'Wraith King']","['Mars', 'Medusa', 'Lina', 'Luna', 'Pudge']",Intelligence attribute symbol.png,16,2.3,82.7,15,1.6,61.4,23,3.2,115.8,54,7.1,259.9,330,1.4,43,50,600,100,1.7,0.3,0.85,1800,800,0.5,24,1.6,2
Leshrac,"['Pugna', 'Anti-Mage', 'Clockwerk', 'Lifestealer', 'Nyx Assassin', 'Oracle']","['Meepo', 'Visage', 'Chen', 'Broodmother', 'Io', 'Shadow Demon', 'Phantom Lancer']","['Dark Seer', 'Enigma', 'Magnus', 'Oracle']",Intelligence attribute symbol.png,18,2.3,84.7,23,2.8,104.2,22,3.5,123.5,63,8.6,312.4,325,3.68,41,45,600,100,1.7,0.4,0.6,1800,800,0.5,24,1.8,4
Lich,"['Anti-Mage', 'Broodmother', 'Huskar', 'Lycan', ""Nature's Prophet"", 'Phantom Assassin', 'Queen of Pain', 'Weaver']","['Meepo', 'Chaos Knight', 'Lone Druid']","['Magnus', 'Treant Protector', 'Witch Doctor', 'Faceless Void', 'Enigma', 'Axe', 'Grimstroke']",Intelligence attribute symbol.png,20,2.1,80.9,15,2.0,73.0,24,4.1,142.9,59,8.2,296.8,295,1.4,48,57,550,100,1.7,0.46,0.54,1800,800,0.5,24,2.0,2
Lina,"['Anti-Mage', 'Faceless Void', 'Lifestealer', 'Nyx Assassin', 'Phantom Lancer', 'Silencer', 'Slark', 'Spectre', 'Sven', 'Viper', 'Razor']","['Ancient Apparition', 'Crystal Maiden', 'Dazzle', 'Enchantress', 'Meepo', 'Mirana', 'Morphling', 'Necrophos', 'Pudge', 'Treant Protector', 'Venomancer']","['Shadow Demon', 'Sven', 'Pugna', 'Bane']",Intelligence attribute symbol.png,20,2.4,89.6,23,1.8,75.2,30,3.7,137.3,73,7.9,302.1,290,4.68,49,61,670,100,1.6,0.65,0.6,1800,800,0.6,24,2.0,2
Lion,"['Abaddon', 'Lifestealer', 'Puck', 'Rubick', 'Slark', 'Nyx Assassin', 'Tidehunter']","['Drow Ranger', 'Ember Spirit', 'Enchantress', 'Medusa', 'Phantom Assassin', 'Weaver', 'Wraith King']","['Anti-Mage', 'Centaur Warrunner', 'Leshrac', 'Tinker', 'Ursa']",Intelligence attribute symbol.png,18,2.2,81.8,15,1.5,58.5,18,3.5,119.5,51,7.2,259.8,290,1.4,47,53,600,100,1.7,0.43,0.74,1800,800,0.5,24,1.8,2
Nature's Prophet,"['Batrider', 'Broodmother', 'Clockwerk', 'Death Prophet', 'Doom', 'Earthshaker', 'Elder Titan', 'Faceless Void', 'Lina', 'Luna', 'Meepo', 'Naga Siren', 'Sand King', 'Spectre', 'Spirit Breaker', 'Storm Spirit', 'Timbersaw', 'Tinker']","['Bane', 'Lich', 'Monkey King', 'Techies', 'Venomancer']","['Bloodseeker', 'Invoker', 'Lycan', 'Windranger', 'Riki', 'Mars']",Intelligence attribute symbol.png,21,2.6,96.4,22,3.6,126.4,23,3.7,130.3,66,9.9,353.1,290,5.52,50,60,600,100,1.7,0.4,0.6,1800,800,0.6,24,2.1,2
Necrophos,"['Ancient Apparition', 'Nyx Assassin', 'Dazzle', 'Lina', 'Lion', 'Meepo', 'Oracle', 'Phantom Lancer', 'Rubick', 'Shadow Demon']","['Axe', 'Bristleback', 'Huskar', 'Phoenix', 'Pudge', 'Sven', 'Tidehunter']","['Abaddon', 'Axe', 'Grimstroke', 'Earthshaker', 'Legion Commander', 'Pugna']",Intelligence attribute symbol.png,18,2.8,99.2,12,1.3,49.7,21,2.9,105.1,51,7.0,254.0,280,2.92,47,51,500,100,1.7,0.4,0.47,1800,800,0.5,24,1.8,2
Ogre Magi,"['Bad Against', 'Chaos Knight', 'Doom', 'Lifestealer', 'Meepo', 'Phantom Lancer', 'Omniknight', 'Oracle', 'Slark', 'Viper']","['Earthshaker', 'Io', ""Nature's Prophet"", 'Templar Assassin', 'Treant Protector', 'Weaver']","['Juggernaut', 'Shadow Fiend', 'Sniper', 'Sven', 'Wraith King']",Intelligence attribute symbol.png,23,3.5,124.5,14,1.9,69.1,15,2.5,87.5,52,7.9,281.1,290,7.24,54,60,150,100,1.7,0.3,0.3,1800,800,0.6,24,5.55,2
Oracle,"['Anti-Mage', 'Axe', 'Bristleback', 'Faceless Void', 'Shadow Demon', 'Spectre']","['Ember Spirit', 'Legion Commander', 'Dark Willow', 'Omniknight', 'Rubick', 'Ancient Apparition', 'Silencer', 'Phoenix', 'Necrophos', 'Dark Seer']","['Alchemist', 'Ancient Apparition', 'Death Prophet', 'Huskar', 'Io', 'Legion Commander', 'Monkey King', 'Shadow Demon', 'Timbersaw', 'Ursa', 'Leshrac', 'Troll Warlord', 'Necrophos']",Intelligence attribute symbol.png,20,2.4,89.6,15,1.7,64.3,26,4.0,142.0,61,8.1,295.9,295,2.4,39,45,620,100,1.7,0.3,0.7,1800,800,0.7,24,2.0,2
Outworld Devourer,"['Nyx Assassin', 'Rubick', 'Silencer', 'Sniper', 'Templar Assassin']","['Anti-Mage', 'Huskar', 'Legion Commander', 'Winter Wyvern', 'Morphling', 'Timbersaw', 'Wraith King']","['Ogre Magi', 'Silencer', 'Winter Wyvern', 'Vengeful Spirit']",Intelligence attribute symbol.png,21,2.9,105.1,24,2.0,82.0,30,4.2,151.8,75,9.1,338.9,310,5.34,46,61,450,100,1.9,0.46,0.54,1800,800,0.5,24,2.1,4
Puck,"['Arc Warden', 'Faceless Void', 'Jakiro', 'Lycan', 'Night Stalker', 'Nyx Assassin', 'Silencer', 'Templar Assassin', 'Venomancer', 'Wraith King']","['Void Spirit', 'Pangolier', 'Crystal Maiden', 'Mirana', 'Phoenix', 'Sniper', 'Terrorblade']","['Dark Willow', 'Magnus', 'Enigma', 'Invoker', 'Kunkka', 'Phoenix', 'Witch Doctor']",Intelligence attribute symbol.png,17,2.4,86.6,22,2.2,85.8,23,3.5,124.5,62,8.1,296.9,290,0.52,46,57,550,100,1.7,0.5,0.8,1800,800,0.5,24,2.2,2
Pugna,"['Nyx Assassin', 'Clockwerk', 'Sniper', 'Phantom Lancer', 'Anti-Mage', 'Luna', 'Oracle', 'Storm Spirit']","['Enchantress', 'Juggernaut', 'Outworld Devourer', 'Timbersaw', 'Leshrac', 'Legion Commander', 'Shadow Fiend', 'Faceless Void', 'Invoker', 'Skywrath Mage', 'Troll Warlord']","['Grimstroke', 'Io', 'Legion Commander', 'Necrophos', 'Medusa', 'Phoenix', 'Skywrath Mage', 'Shadow Shaman']",Intelligence attribute symbol.png,19,2.0,77.0,24,1.3,61.7,24,5.2,174.8,67,8.5,313.5,330,3.84,43,51,630,100,1.7,0.5,0.5,1800,800,0.5,24,1.9,2
Queen of Pain,"['Anti-Mage', 'Arc Warden', 'Axe', 'Bloodseeker', 'Centaur Warrunner', 'Death Prophet', 'Disruptor', 'Faceless Void', 'Legion Commander', 'Luna', 'Meepo', 'Night Stalker', 'Nyx Assassin', 'Puck', 'Shadow Shaman', 'Skywrath Mage']","['Drow Ranger', 'Enchantress', 'Huskar', 'Slark']","['Axe', 'Dark Seer', 'Enigma', 'Faceless Void', 'Lifestealer', 'Magnus', 'Omniknight']",Intelligence attribute symbol.png,18,2.3,84.7,22,2.5,94.5,25,3.4,123.6,65,8.2,302.8,290,3.52,45,53,550,100,1.5,0.56,0.41,1800,800,0.5,24,1.8,2
Rubick,"['Bristleback', 'Broodmother', 'Clinkz', 'Legion Commander', 'Phantom Lancer', 'Riki', 'Shadow Fiend', 'Silencer', 'Slark', 'Wraith King']","['Crystal Maiden', 'Earthshaker', 'Enigma', 'Invoker', 'Kunkka', 'Lich', 'Lina', 'Lion', 'Luna', 'Magnus', 'Medusa', 'Morphling', 'Omniknight', 'Witch Doctor']","['Alchemist', 'Crystal Maiden', 'Morphling']",Intelligence attribute symbol.png,21,2.0,79.0,23,2.5,95.5,25,3.1,114.9,69,7.6,289.4,290,3.68,47,57,550,100,1.7,0.4,0.77,1800,800,0.7,24,2.1,2
Shadow Demon,"['Ember Spirit', 'Leshrac', 'Lion', 'Phantom Assassin', 'Storm Spirit']","['Alchemist', 'Venomancer', 'Anti-Mage', 'Dark Seer', 'Legion Commander', 'Omniknight', 'Spectre', 'Juggernaut', 'Luna', 'Techies', 'Windranger']","['Ancient Apparition', 'Dazzle', 'Terrorblade', 'Razor']",Intelligence attribute symbol.png,23,2.6,98.4,18,2.2,81.8,21,3.3,116.7,62,8.1,296.9,290,2.88,50,54,500,100,1.7,0.35,0.5,1800,800,0.6,24,2.3,2
Shadow Shaman,"['Dragon Knight', 'Mirana', 'Morphling', 'Riki', 'Wraith King', 'Visage']","['Huskar', ""Nature's Prophet"", 'Spirit Breaker', 'Templar Assassin', 'Terrorblade', 'Weaver']","['Juggernaut', 'Ursa', 'Troll Warlord', 'Pugna', 'Legion Commander ', 'Monkey King ']",Intelligence attribute symbol.png,23,2.3,89.7,16,1.6,62.4,19,3.5,120.5,58,7.4,272.6,285,3.56,71,78,400,90,1.7,0.3,0.5,1800,800,0.5,24,2.3,2
Silencer,"['Broodmother', 'Dragon Knight', 'Lycan', 'Nyx Assassin', 'Phantom Assassin', 'Phantom Lancer', 'Slark', 'Sniper', 'Ursa']","['Bristleback', 'Crystal Maiden', 'Enigma', 'Outworld Devourer', 'Pugna', 'Shadow Demon', 'Timbersaw', 'Tinker', 'Windranger', 'Zeus']","['Slardar', 'Crystal Maiden', 'Anti-Mage', 'Pudge', 'Outworld Devourer']",Intelligence attribute symbol.png,19,2.7,97.3,22,2.4,91.6,25,2.9,109.1,66,8.0,298.0,290,2.52,43,57,600,115,1.7,0.5,0.5,1800,800,0.6,24,1.9,2
Skywrath Mage,"['Anti-Mage', 'Huskar', 'Abaddon', 'Pugna', 'Nyx Assassin', 'Wraith King']","['Timbersaw', 'Storm Spirit', 'Enchantress', 'Alchemist', 'Vengeful Spirit', 'Winter Wyvern']","['Faceless Void', 'Undying', 'Centaur Warrunner', 'Pugna', 'Silencer', 'Legion Commander']",Intelligence attribute symbol.png,21,2.0,79.0,13,0.8,36.2,25,4.1,143.9,59,6.9,259.1,325,0.08,39,49,625,100,1.7,0.4,0.78,1800,800,0.5,24,2.1,2
Storm Spirit,"['Anti-Mage', 'Doom', 'Ember Spirit', 'Night Stalker', 'Nyx Assassin', 'Riki', 'Silencer', 'Techies']","['Ancient Apparition', 'Arc Warden', 'Bloodseeker', 'Mars', 'Monkey King', 'Phantom Lancer', 'Razor', 'Sniper', 'Spectre', 'Terrorblade', 'Tinker', 'Vengeful Spirit', 'Viper', 'Weaver']","['Keeper of the Light', 'Omniknight', 'Lifestealer']",Intelligence attribute symbol.png,21,2.0,79.0,22,1.5,65.5,23,3.9,136.1,66,7.4,280.6,285,5.52,49,59,480,110,1.7,0.5,0.3,1800,800,0.8,24,2.1,2
Techies,"['Abaddon', 'Anti-Mage', 'Batrider', 'Beastmaster', 'Chen', 'Death Prophet', 'Juggernaut', 'Lifestealer', 'Night Stalker', 'Oracle', 'Templar Assassin', 'Visage', 'Wraith King', 'Zeus']","['Ember Spirit', 'Meepo', 'Monkey King', 'Morphling', 'Tinker']","['Batrider', 'Crystal Maiden', 'Magnus', 'Pugna', 'Tusk']",Intelligence attribute symbol.png,19,2.5,91.5,14,1.3,51.7,25,3.3,120.7,58,7.1,263.9,310,7.24,34,36,700,100,1.7,0.5,0.5,1800,800,0.5,24,1.9,6
Tinker,"['Anti-Mage', 'Clockwerk', 'Dazzle', 'Doom', 'Legion Commander', 'Lifestealer', 'Luna', 'Night Stalker', 'Nyx Assassin', 'Pudge', 'Silencer', 'Slark', 'Storm Spirit', 'Vengeful Spirit', 'Zeus', 'Pugna', 'Kunkka']","['Bloodseeker', 'Chaos Knight', 'Faceless Void', 'Shadow Fiend', 'Terrorblade', 'Timbersaw']","['Faceless Void', 'Kunkka', ""Nature's Prophet"", 'Spirit Breaker', 'Bloodseeker', 'Keeper of the Light', 'Bounty Hunter', 'Slardar']",Intelligence attribute symbol.png,18,2.5,90.5,13,1.2,47.8,30,3.3,125.7,61,7.0,264.0,290,4.08,54,60,500,100,1.7,0.35,0.65,1800,800,0.6,24,1.8,2
Visage,"['Axe', 'Doom', 'Luna', 'Tidehunter', 'Timbersaw', 'Tiny', 'Venomancer', 'Viper']","['Clockwerk', ""Nature's Prophet"", 'Puck', 'Pudge', 'Shadow Shaman', 'Spectre']","['Slardar', 'Lifestealer', 'Beastmaster', 'Elder Titan']",Intelligence attribute symbol.png,22,2.8,103.2,11,1.3,48.7,22,2.9,106.1,55,7.0,258.0,285,-0.24,45,55,600,110,1.7,0.46,0.54,1800,800,0.5,24,2.2,2
Void Spirit,"['Bane', 'Bloodseeker', 'Bounty Hunter', 'Doom', 'Ember Spirit', 'Meepo', 'Puck', 'Queen of Pain', 'Slardar', 'Templar Assassin', 'Viper']","['Broodmother', 'Terrorblade', 'Pugna', 'Gyrocopter', 'Morphling', 'Monkey King', 'Windranger']","['Keeper of the Light', 'Pudge', 'Pugna', 'Bane', 'Bloodseeker']",Intelligence attribute symbol.png,22,2.6,97.4,19,2.2,82.8,24,3.1,113.9,65,7.9,294.1,300,2.04,56,60,200,100,1.7,0.35,0.0,1800,800,0.7,24,2.2,2
Warlock,"['Weaver', 'Anti-Mage', 'Bloodseeker', 'Silencer', 'Dark Seer', 'Ember Spirit', 'Lycan', 'Ancient Apparition', 'Nyx Assassin']","['Huskar', 'Meepo', 'Templar Assassin', 'Shadow Fiend', 'Enigma']","['Sven', 'Bloodseeker', 'Axe', 'Dark Seer', 'Magnus', 'Enigma', 'Silencer', 'Spectre']",Intelligence attribute symbol.png,26,3.0,113.0,10,1.0,39.0,25,3.1,114.9,61,7.1,266.9,290,2.6,49,59,600,100,1.7,0.3,0.3,1800,800,0.5,24,2.6,2
Windranger,"['Axe', 'Bloodseeker', 'Centaur Warrunner', 'Nyx Assassin', 'Ember Spirit', 'Morphling', 'Razor', 'Spectre']","['Earthshaker', 'Huskar', 'Phantom Assassin', 'Pudge', 'Ursa']","[""Nature's Prophet""]",Intelligence attribute symbol.png,18,3.0,105.0,17,1.4,57.6,18,3.6,122.4,53,8.0,285.0,290,1.72,42,54,600,100,1.5,0.4,0.3,1800,800,0.8,24,1.8,2
Winter Wyvern,"['Ancient Apparition', 'Invoker', 'Luna', 'Naga Siren', 'Omniknight', 'Outworld Devourer', 'Pugna', 'Skywrath Mage', 'Slark', 'Timbersaw', 'Tinker', 'Undying']","['Beastmaster', 'Chaos Knight', 'Lycan', 'Legion Commander', 'Meepo', 'Troll Warlord']","['Dark Seer', 'Enigma', 'Magnus', 'Venomancer', 'Invoker']",Intelligence attribute symbol.png,24,2.6,99.4,16,1.9,71.1,26,3.6,130.4,66,8.1,300.9,285,1.56,38,45,425,100,1.7,0.25,0.8,1800,800,0.5,24,2.4,2
Witch Doctor,"['Faceless Void', 'Lina', 'Luna', 'Morphling', 'Omniknight', 'Oracle', 'Pudge', 'Riki', 'Rubick', 'Silencer', 'Tidehunter', 'Vengeful Spirit']","['Bloodseeker', 'Lone Druid', 'Lycan', 'Monkey King', 'Venomancer', 'Viper']","['Enigma', 'Faceless Void', 'Lich', 'Magnus', 'Underlord', 'Undying']",Intelligence attribute symbol.png,18,2.3,84.7,13,1.4,53.6,22,3.3,117.7,53,7.0,256.0,300,2.08,51,61,600,100,1.7,0.4,0.5,1800,800,0.5,24,1.8,2
Zeus,"['Anti-Mage', 'Faceless Void', 'Chaos Knight', 'Juggernaut', 'Lifestealer', 'Meepo', 'Pudge', 'Pugna', 'Silencer', 'Templar Assassin', 'Ursa', 'Viper']","['Slardar', 'Enchantress', 'Timbersaw', 'Bounty Hunter', 'Winter Wyvern', 'Lich', 'Necrophos', 'Tinker']","['Ancient Apparition', 'Bloodseeker', 'Dazzle', 'Tidehunter']",Intelligence attribute symbol.png,21,2.1,81.9,11,1.2,45.8,22,3.3,117.7,54,6.6,245.4,300,2.76,55,63,380,100,1.7,0.35,0.55,1800,800,0.6,24,2.1,2
